0,1,2,3,4,5,6,7,8,9
54628.0,51481.0,8264.0,12327.0,49552.0,38186.0,52982.0,,,
13468.0,10657.0,11757.0,7796.0,11320.0,46645.0,54772.0,10572.0,31255.0,
43428.0,31214.0,58844.0,19400.0,3810.0,85.0,12933.0,44257.0,33801.0,56131.0
28930.0,6192.0,14314.0,16273.0,37617.0,10441.0,27075.0,43030.0,,
58245.0,23676.0,17788.0,51685.0,30032.0,26298.0,,,,
54944.0,44840.0,20134.0,22634.0,3053.0,38927.0,53829.0,49156.0,8462.0,
8191.0,43790.0,31622.0,52001.0,45899.0,7762.0,,,,
17116.0,59404.0,43702.0,52937.0,,,,,,
49332.0,18096.0,,,,,,,,
42728.0,6779.0,5535.0,4230.0,51100.0,30795.0,5045.0,7300.0,,
11732.0,12397.0,45795.0,9548.0,,,,,,
9034.0,34945.0,12271.0,39410.0,51083.0,29223.0,1720.0,58451.0,,
43059.0,9158.0,48537.0,19213.0,,,,,,
13.0,29397.0,4702.0,4697.0,4726.0,4722.0,55549.0,29396.0,,
3811.0,37116.0,55733.0,10632.0,38838.0,8323.0,45433.0,8498.0,,
51074.0,31490.0,36857.0,59884.0,42843.0,54325.0,,,,
41905.0,41930.0,19773.0,36261.0,33181.0,,,,,
7581.0,15987.0,54021.0,2402.0,37623.0,23891.0,48268.0,26342.0,,
,,,,,,,,,
36694.0,38364.0,58884.0,30082.0,,,,,,
59627.0,34099.0,4631.0,1891.0,927.0,,,,,
49208.0,16985.0,29507.0,3006.0,36831.0,,,,,
54949.0,55277.0,22989.0,37730.0,6804.0,25981.0,17834.0,52120.0,,
56687.0,34144.0,56882.0,9402.0,50402.0,,,,,
57191.0,42919.0,48340.0,3967.0,,,,,,
51203.0,21185.0,,,,,,,,
14101.0,44440.0,21245.0,4677.0,41170.0,55010.0,46193.0,,,
19972.0,54254.0,34611.0,52269.0,,,,,,
31846.0,1779.0,45110.0,26322.0,1045.0,35038.0,,,,
30958.0,50754.0,53251.0,51100.0,17165.0,,,,,
24826.0,1519.0,36038.0,29350.0,55674.0,57172.0,40217.0,57312.0,,
34744.0,5916.0,,,,,,,,
10639.0,,,,,,,,,
44754.0,26747.0,59133.0,12661.0,23375.0,,,,,
40005.0,23574.0,28679.0,41772.0,37792.0,20469.0,58393.0,49513.0,44979.0,
38021.0,38528.0,,,,,,,,
52069.0,30468.0,,,,,,,,
18620.0,10198.0,39837.0,34387.0,22801.0,39404.0,8913.0,,,
43814.0,58545.0,10192.0,19374.0,47701.0,10316.0,48143.0,,,
1779.0,43790.0,57617.0,48082.0,20883.0,1911.0,4264.0,15998.0,,
41201.0,12289.0,19513.0,33781.0,27276.0,18139.0,21040.0,,,
45268.0,23428.0,55165.0,,,,,,,
52647.0,17187.0,1400.0,43017.0,39670.0,30629.0,22225.0,,,
49293.0,23407.0,11519.0,7503.0,20136.0,29474.0,18648.0,51820.0,23256.0,
8251.0,18760.0,11805.0,48084.0,8564.0,45254.0,21524.0,,,
,,,,,,,,,
16185.0,47176.0,29320.0,24115.0,3314.0,24930.0,,,,
40231.0,40359.0,18208.0,23899.0,47405.0,48941.0,,,,
,,,,,,,,,
46060.0,55232.0,52709.0,32645.0,22025.0,34832.0,,,,
10129.0,26403.0,24182.0,15797.0,,,,,,
51.0,33210.0,,,,,,,,
1312.0,24314.0,35319.0,50806.0,21615.0,,,,,
32453.0,40685.0,52838.0,33471.0,56007.0,52204.0,13518.0,56875.0,,
21475.0,21136.0,,,,,,,,
25137.0,10993.0,14934.0,6844.0,6469.0,11029.0,34168.0,5587.0,,
56900.0,12873.0,32119.0,20097.0,,,,,,
,,,,,,,,,
53801.0,51854.0,48203.0,44992.0,52509.0,13669.0,14068.0,,,
,,,,,,,,,
51955.0,2139.0,32576.0,27499.0,19393.0,35370.0,,,,
19640.0,40566.0,19523.0,,,,,,,
19164.0,43602.0,24468.0,53093.0,47368.0,16850.0,,,,
41248.0,51195.0,53254.0,33512.0,,,,,,
13.0,29397.0,4702.0,4697.0,4726.0,4722.0,55549.0,29396.0,,
53945.0,22429.0,12780.0,4808.0,27438.0,12639.0,23088.0,18195.0,,
27596.0,50066.0,8937.0,31530.0,57181.0,31334.0,30869.0,37080.0,,
32999.0,47306.0,42755.0,49228.0,2296.0,30527.0,35968.0,24937.0,26299.0,
57311.0,15998.0,39758.0,56112.0,53326.0,48323.0,47971.0,1253.0,6242.0,
,,,,,,,,,
21120.0,10263.0,37934.0,21357.0,52852.0,24962.0,32437.0,17385.0,,
54543.0,10975.0,32204.0,7199.0,,,,,,
40734.0,30445.0,,,,,,,,
30228.0,26610.0,56724.0,51329.0,57805.0,810.0,,,,
59571.0,,,,,,,,,
56815.0,18224.0,12160.0,,,,,,,
14099.0,37555.0,40842.0,17357.0,40183.0,13502.0,513.0,,,
52431.0,15620.0,49650.0,5511.0,,,,,,
25614.0,42500.0,3612.0,19021.0,40689.0,14666.0,56989.0,28612.0,26221.0,
34230.0,40099.0,41416.0,21214.0,57829.0,54572.0,10706.0,22643.0,,
51.0,33210.0,,,,,,,,
15143.0,609.0,52081.0,20244.0,16545.0,44527.0,59003.0,3846.0,,
57005.0,53941.0,59648.0,8488.0,21186.0,59738.0,,,,
18631.0,49778.0,,,,,,,,
13.0,29397.0,4702.0,4697.0,4726.0,4722.0,55549.0,29396.0,,
36455.0,45134.0,34086.0,48052.0,47290.0,55795.0,59000.0,,,
23341.0,18438.0,28441.0,,,,,,,
23109.0,16434.0,51292.0,58234.0,29600.0,,,,,
4114.0,15276.0,54068.0,30684.0,14060.0,33061.0,16984.0,,,
2910.0,38412.0,38096.0,22739.0,46177.0,,,,,
21194.0,18463.0,56383.0,45661.0,,,,,,
8098.0,,,,,,,,,
15883.0,37942.0,19213.0,3639.0,23710.0,56457.0,33837.0,3336.0,43059.0,
54521.0,54842.0,6113.0,232.0,19259.0,25146.0,30003.0,33056.0,29145.0,
53372.0,23539.0,30032.0,15450.0,16282.0,6847.0,,,,
58019.0,49858.0,22226.0,5738.0,37303.0,19036.0,,,,
25403.0,45032.0,9425.0,,,,,,,
49805.0,15241.0,56095.0,,,,,,,
56897.0,,,,,,,,,
10458.0,26653.0,32121.0,20792.0,22547.0,30427.0,,,,
33161.0,33007.0,11794.0,36927.0,1164.0,43455.0,10009.0,,,
58414.0,11253.0,28360.0,47727.0,36840.0,44527.0,54529.0,16432.0,55693.0,18837.0
,,,,,,,,,
20788.0,23698.0,45806.0,9028.0,55526.0,28938.0,,,,
12639.0,999.0,12780.0,58136.0,10847.0,54920.0,,,,
25195.0,25425.0,36867.0,51012.0,57112.0,53356.0,8882.0,25795.0,,
23645.0,49468.0,,,,,,,,
,,,,,,,,,
28422.0,6446.0,40320.0,53947.0,,,,,,
28815.0,3581.0,11665.0,3681.0,45434.0,,,,,
45358.0,16867.0,36533.0,57743.0,11242.0,44630.0,48801.0,,,
56379.0,10316.0,55755.0,26366.0,57239.0,37924.0,,,,
35584.0,,,,,,,,,
33402.0,6788.0,15449.0,50037.0,9787.0,29681.0,,,,
25654.0,44498.0,17358.0,39742.0,28863.0,6528.0,,,,
16468.0,15000.0,28063.0,,,,,,,
2668.0,56698.0,36187.0,21510.0,1802.0,59152.0,,,,
1400.0,37809.0,23151.0,25640.0,3277.0,28117.0,14384.0,36374.0,21859.0,35985.0
,,,,,,,,,
56112.0,28506.0,5375.0,44645.0,26832.0,37676.0,19262.0,30745.0,20963.0,
27155.0,34712.0,17461.0,58534.0,3145.0,1649.0,58771.0,22886.0,55248.0,
5700.0,24137.0,44127.0,46751.0,25612.0,,,,,
24414.0,,,,,,,,,
,,,,,,,,,
50928.0,34653.0,57835.0,50637.0,33396.0,56472.0,4512.0,,,
814.0,19777.0,33454.0,,,,,,,
18571.0,17078.0,54386.0,24871.0,20139.0,35512.0,48447.0,,,
50287.0,13496.0,,,,,,,,
26081.0,40263.0,,,,,,,,
48151.0,15455.0,17739.0,13790.0,45135.0,53178.0,,,,
2131.0,53056.0,7061.0,16137.0,19213.0,,,,,
54008.0,22207.0,50084.0,46710.0,19723.0,40072.0,28045.0,56742.0,,
12325.0,1779.0,14555.0,33876.0,2933.0,,,,,
55883.0,57483.0,47246.0,17392.0,23877.0,4445.0,30889.0,,,
43160.0,23451.0,32268.0,16790.0,30019.0,12755.0,48202.0,36049.0,38433.0,
33560.0,27188.0,1552.0,54750.0,23986.0,39099.0,34653.0,56765.0,,
41007.0,23642.0,,,,,,,,
1806.0,57091.0,9307.0,2817.0,1770.0,12612.0,55489.0,7478.0,40686.0,44078.0
13573.0,56268.0,,,,,,,,
3196.0,53361.0,28907.0,30063.0,30935.0,35550.0,,,,
53703.0,43950.0,39663.0,25580.0,56437.0,14475.0,37093.0,48923.0,30597.0,
48422.0,46012.0,33269.0,52180.0,56993.0,40310.0,,,,
6836.0,2736.0,10805.0,25765.0,44314.0,59282.0,37397.0,,,
21580.0,53960.0,50658.0,13946.0,20454.0,36519.0,22187.0,,,
37550.0,38272.0,36845.0,43927.0,18812.0,35748.0,6779.0,16246.0,,
57948.0,40323.0,59247.0,31936.0,17357.0,2653.0,27909.0,,,
24719.0,25945.0,49256.0,56318.0,33120.0,24449.0,,,,
605.0,8854.0,25569.0,45836.0,52972.0,19489.0,38946.0,,,
1325.0,23231.0,32141.0,43053.0,39490.0,28055.0,,,,
12801.0,32514.0,40417.0,16451.0,19879.0,18139.0,4986.0,7857.0,17851.0,
40860.0,24987.0,54834.0,30745.0,45296.0,,,,,
45313.0,39489.0,13673.0,32516.0,,,,,,
49018.0,20963.0,25896.0,1779.0,,,,,,
10636.0,26556.0,13206.0,6777.0,15846.0,6433.0,49456.0,11748.0,,
52408.0,16170.0,19635.0,6469.0,30679.0,34168.0,,,,
52442.0,55795.0,8264.0,19241.0,57617.0,43163.0,,,,
1507.0,53463.0,,,,,,,,
42369.0,44974.0,53910.0,,,,,,,
43974.0,54317.0,57502.0,40072.0,32048.0,9409.0,35393.0,,,
633.0,17987.0,57290.0,50730.0,8410.0,,,,,
15833.0,27008.0,36145.0,19922.0,52008.0,43062.0,6219.0,,,
13012.0,8389.0,,,,,,,,
52428.0,14490.0,25857.0,29745.0,20870.0,25130.0,20500.0,,,
984.0,49264.0,24303.0,33512.0,45962.0,,,,,
44117.0,29975.0,35725.0,30333.0,14192.0,22288.0,45673.0,53311.0,37678.0,
7367.0,43169.0,19354.0,27755.0,21733.0,14140.0,46113.0,53361.0,,
768.0,,,,,,,,,
31584.0,46751.0,35228.0,2757.0,10316.0,15353.0,,,,
33781.0,30339.0,55127.0,34306.0,38090.0,49919.0,36609.0,,,
10476.0,4150.0,38409.0,49492.0,12929.0,,,,,
30549.0,12808.0,42092.0,52156.0,11050.0,21030.0,,,,
54.0,3852.0,,,,,,,,
58087.0,6452.0,44541.0,17457.0,,,,,,
36414.0,8481.0,52355.0,36102.0,,,,,,
,,,,,,,,,
13.0,29397.0,4702.0,4697.0,4726.0,4722.0,55549.0,29396.0,,
47141.0,41108.0,14920.0,36408.0,31530.0,14706.0,21806.0,,,
46055.0,3899.0,40910.0,,,,,,,
5496.0,36721.0,440.0,49858.0,32141.0,37448.0,39175.0,43506.0,,
51451.0,41704.0,53702.0,19501.0,3995.0,3903.0,33137.0,28098.0,41677.0,
3732.0,11804.0,58539.0,4631.0,,,,,,
42870.0,58745.0,7510.0,7262.0,17204.0,47511.0,57523.0,,,
25395.0,49858.0,7160.0,28811.0,12694.0,261.0,44418.0,,,
48690.0,5315.0,35642.0,,,,,,,
56036.0,58177.0,52389.0,42142.0,32911.0,31783.0,27837.0,56676.0,2257.0,
40293.0,14645.0,38583.0,40872.0,23360.0,51380.0,53595.0,31552.0,,
51.0,33210.0,,,,,,,,
22741.0,44878.0,59464.0,54552.0,1386.0,48221.0,10805.0,49752.0,,
24390.0,9620.0,,,,,,,,
27898.0,35268.0,59318.0,55604.0,28106.0,5900.0,18329.0,38947.0,,
42806.0,8811.0,58878.0,25885.0,31315.0,4346.0,,,,
55345.0,12598.0,,,,,,,,
7566.0,19723.0,45546.0,36515.0,34111.0,21000.0,20332.0,13361.0,,
39216.0,59926.0,,,,,,,,
,,,,,,,,,
46209.0,28228.0,41668.0,18959.0,15198.0,55431.0,27583.0,,,
4841.0,8619.0,,,,,,,,
14468.0,24737.0,56708.0,59222.0,59421.0,25095.0,29470.0,,,
59406.0,8667.0,55435.0,6382.0,16990.0,21891.0,44451.0,50186.0,,
13722.0,53003.0,57020.0,16486.0,44916.0,4445.0,32580.0,49059.0,51495.0,
41057.0,20490.0,12420.0,37755.0,48016.0,45938.0,38969.0,,,
46643.0,54718.0,31455.0,2142.0,10211.0,42291.0,49835.0,2960.0,57172.0,
22138.0,40393.0,5704.0,3275.0,7507.0,54134.0,25885.0,59503.0,,
2019.0,55600.0,51057.0,25885.0,12474.0,38052.0,,,,
59729.0,17100.0,,,,,,,,
28092.0,33905.0,,,,,,,,
52655.0,34546.0,618.0,31687.0,1420.0,48925.0,,,,
48267.0,12104.0,,,,,,,,
12805.0,48641.0,17203.0,22141.0,50579.0,43655.0,1776.0,58106.0,57925.0,26832.0
,,,,,,,,,
51871.0,14408.0,18549.0,58417.0,17531.0,58083.0,38663.0,,,
44598.0,19095.0,34472.0,8356.0,,,,,,
29630.0,59406.0,44048.0,18061.0,,,,,,
508.0,43218.0,26299.0,28469.0,4569.0,52116.0,,,,
18208.0,32141.0,29216.0,26642.0,54504.0,59544.0,,,,
46003.0,5896.0,,,,,,,,
46531.0,,,,,,,,,
55619.0,56622.0,4325.0,,,,,,,
16866.0,18150.0,18976.0,26211.0,37761.0,34111.0,3363.0,54929.0,,
54877.0,52919.0,49609.0,23642.0,5224.0,,,,,
546.0,47519.0,29750.0,12677.0,54953.0,15308.0,30765.0,,,
19972.0,2830.0,16022.0,12874.0,,,,,,
13.0,29397.0,4702.0,4697.0,4726.0,4722.0,55549.0,29396.0,,
,,,,,,,,,
8080.0,1420.0,20002.0,51575.0,33402.0,1308.0,,,,
20281.0,56188.0,21142.0,54836.0,43180.0,23603.0,,,,
34677.0,14043.0,,,,,,,,
21848.0,23360.0,40872.0,50009.0,11262.0,26011.0,30908.0,18058.0,,
3542.0,5333.0,45915.0,,,,,,,
55782.0,17701.0,38052.0,38638.0,41995.0,54838.0,44527.0,7105.0,,
11235.0,,,,,,,,,
57809.0,54450.0,30867.0,6600.0,55049.0,1770.0,,,,
55546.0,93.0,36209.0,42455.0,59126.0,47322.0,22437.0,25280.0,30815.0,51499.0
3150.0,37286.0,22132.0,29203.0,14892.0,36015.0,,,,
33038.0,5587.0,40395.0,13941.0,45154.0,10074.0,34352.0,,,
49104.0,25814.0,59450.0,,,,,,,
4994.0,15090.0,7132.0,6331.0,12230.0,55789.0,5557.0,14194.0,,
19465.0,29879.0,51774.0,41104.0,9341.0,5271.0,40732.0,,,
11551.0,27867.0,39966.0,24648.0,25569.0,58011.0,59152.0,,,
6155.0,59714.0,23716.0,3945.0,40650.0,18976.0,,,,
6437.0,47800.0,44862.0,17737.0,19611.0,11933.0,8992.0,,,
328.0,21310.0,3586.0,6680.0,14499.0,37676.0,18022.0,43892.0,,
29463.0,31492.0,18644.0,55579.0,5681.0,34242.0,1808.0,,,
50347.0,3114.0,12542.0,58574.0,17660.0,14571.0,,,,
1914.0,12412.0,52005.0,741.0,23407.0,59800.0,,,,
58141.0,22727.0,44323.0,,,,,,,
29331.0,57420.0,50905.0,24273.0,1701.0,19830.0,55871.0,32269.0,28367.0,41536.0
3916.0,31204.0,16061.0,38697.0,12843.0,37984.0,39108.0,,,
27217.0,42712.0,,,,,,,,
40995.0,13433.0,40333.0,7288.0,14361.0,44199.0,,,,
19580.0,15562.0,6266.0,,,,,,,
21227.0,56789.0,13859.0,53461.0,16910.0,,,,,
23098.0,20806.0,,,,,,,,
57061.0,19210.0,7771.0,,,,,,,
46151.0,3333.0,51836.0,21141.0,2224.0,43775.0,20888.0,48974.0,32759.0,
58231.0,57277.0,7591.0,42864.0,5670.0,41264.0,42505.0,56789.0,,
12466.0,3817.0,44042.0,4747.0,37352.0,546.0,24398.0,32861.0,14539.0,
14338.0,15833.0,59738.0,35844.0,5853.0,10930.0,49552.0,,,
19372.0,36699.0,55628.0,30829.0,28866.0,40755.0,2747.0,,,
48615.0,20922.0,26915.0,57683.0,40218.0,5931.0,18738.0,,,
17237.0,27444.0,44925.0,28344.0,34900.0,31208.0,22299.0,,,
13779.0,34012.0,182.0,29220.0,32161.0,2094.0,5738.0,,,
51362.0,11843.0,54692.0,5651.0,11234.0,2533.0,40256.0,9128.0,,
,,,,,,,,,
35726.0,44821.0,39971.0,43950.0,55936.0,48612.0,20798.0,,,
35852.0,40866.0,45083.0,9315.0,23192.0,49456.0,47963.0,,,
53611.0,14248.0,29829.0,55312.0,47369.0,30679.0,34045.0,,,
45551.0,21474.0,48611.0,59820.0,26118.0,40913.0,5291.0,25898.0,46443.0,
11860.0,59403.0,48437.0,31771.0,,,,,,
554.0,37598.0,7.0,,,,,,,
22690.0,32805.0,53314.0,46023.0,35303.0,,,,,
15672.0,14922.0,16504.0,46013.0,26966.0,9212.0,,,,
23571.0,48143.0,7581.0,2318.0,28784.0,58545.0,,,,
33032.0,52390.0,29786.0,49656.0,50996.0,45819.0,58865.0,42849.0,20412.0,
8284.0,47505.0,,,,,,,,
36445.0,23407.0,27444.0,10314.0,20132.0,49018.0,,,,
51133.0,13016.0,11933.0,45048.0,,,,,,
37235.0,38409.0,25463.0,19077.0,30358.0,,,,,
32840.0,50579.0,472.0,22141.0,25024.0,57925.0,48145.0,,,
28618.0,20412.0,18854.0,3639.0,19213.0,58865.0,,,,
6061.0,4849.0,44908.0,34032.0,,,,,,
47971.0,57925.0,22141.0,58457.0,56112.0,44645.0,20963.0,,,
43668.0,30575.0,40847.0,57745.0,1058.0,14429.0,1045.0,38519.0,,
37448.0,36815.0,22278.0,32417.0,21400.0,1147.0,,,,
48836.0,,,,,,,,,
38117.0,6382.0,49820.0,44451.0,3919.0,1193.0,21123.0,,,
56600.0,17489.0,15122.0,10907.0,6094.0,54483.0,,,,
4191.0,22982.0,1865.0,,,,,,,
20030.0,18528.0,,,,,,,,
50042.0,38814.0,11409.0,37563.0,16873.0,15660.0,37157.0,13582.0,,
22442.0,53067.0,24027.0,23017.0,54009.0,38666.0,40152.0,6608.0,,
5556.0,45057.0,24154.0,34438.0,,,,,,
26582.0,4384.0,8012.0,8399.0,56041.0,48974.0,,,,
10308.0,34191.0,41863.0,34012.0,3159.0,26582.0,53815.0,,,
16458.0,28117.0,45657.0,57657.0,23040.0,16170.0,41899.0,20217.0,15753.0,
54059.0,45481.0,47474.0,24191.0,52516.0,39126.0,37334.0,,,
28558.0,53566.0,23079.0,,,,,,,
40782.0,52118.0,46465.0,10969.0,3652.0,18738.0,1921.0,51389.0,,
46325.0,28814.0,13524.0,3813.0,51241.0,,,,,
,,,,,,,,,
29785.0,39352.0,2562.0,43624.0,23679.0,26796.0,,,,
,,,,,,,,,
52904.0,2821.0,52950.0,,,,,,,
1038.0,36031.0,44762.0,23975.0,11647.0,,,,,
30969.0,6469.0,19842.0,49151.0,2125.0,3322.0,4079.0,,,
31435.0,33876.0,49886.0,48997.0,3252.0,16514.0,1776.0,,,
51293.0,50583.0,46322.0,25993.0,12962.0,54611.0,41914.0,53396.0,,
28718.0,55098.0,33485.0,,,,,,,
15998.0,459.0,14222.0,2401.0,6927.0,49820.0,49408.0,58138.0,30712.0,35654.0
42207.0,2682.0,91.0,34105.0,,,,,,
22965.0,27795.0,7850.0,28621.0,53701.0,27970.0,13020.0,,,
55487.0,25698.0,53229.0,54508.0,17429.0,54048.0,,,,
33790.0,10198.0,20281.0,36338.0,55860.0,37658.0,41170.0,36350.0,,
53947.0,,,,,,,,,
12821.0,25824.0,33378.0,33183.0,59350.0,18532.0,,,,
,,,,,,,,,
3651.0,25024.0,32031.0,27649.0,2151.0,55714.0,,,,
5280.0,38658.0,21619.0,56193.0,43746.0,24186.0,28104.0,45190.0,36015.0,
10691.0,57368.0,51495.0,8937.0,35749.0,36189.0,,,,
46658.0,31795.0,41538.0,52704.0,27970.0,57282.0,51701.0,36603.0,,
22502.0,1732.0,11683.0,8565.0,11342.0,45535.0,56513.0,36825.0,,
31146.0,9420.0,11896.0,22502.0,43325.0,15219.0,,,,
36802.0,19589.0,3460.0,11584.0,,,,,,
24338.0,7478.0,11351.0,25035.0,19134.0,56993.0,55049.0,,,
57067.0,11293.0,19830.0,48143.0,4994.0,37413.0,13268.0,3961.0,,
47075.0,54188.0,36498.0,52241.0,999.0,52067.0,22567.0,,,
49722.0,37508.0,,,,,,,,
2643.0,50619.0,52194.0,,,,,,,
21310.0,53129.0,7220.0,241.0,26963.0,28335.0,57925.0,47482.0,26640.0,
49886.0,34995.0,278.0,28286.0,41277.0,53775.0,57523.0,51002.0,,
17352.0,10400.0,21345.0,6849.0,,,,,,
23144.0,1037.0,51166.0,44979.0,47499.0,51927.0,21345.0,,,
51210.0,52856.0,55674.0,50682.0,18480.0,48800.0,21429.0,36567.0,28659.0,59275.0
19261.0,43598.0,33503.0,24733.0,11076.0,9816.0,6075.0,,,
58004.0,,,,,,,,,
51124.0,1552.0,14248.0,17581.0,10154.0,18549.0,,,,
24717.0,31763.0,56179.0,49084.0,,,,,,
47347.0,12154.0,,,,,,,,
7833.0,30270.0,40607.0,,,,,,,
,,,,,,,,,
22378.0,42820.0,28790.0,26769.0,4707.0,37483.0,,,,
3277.0,38571.0,24468.0,,,,,,,
11612.0,26403.0,7768.0,,,,,,,
23360.0,1491.0,54501.0,26011.0,44028.0,40872.0,18579.0,,,
11059.0,48770.0,15452.0,1692.0,908.0,26560.0,34269.0,6676.0,,
53692.0,,,,,,,,,
25722.0,22570.0,35370.0,39789.0,19125.0,59738.0,45433.0,7302.0,,
53311.0,45953.0,45013.0,19468.0,51699.0,15198.0,22095.0,,,
52997.0,16328.0,51598.0,37450.0,30168.0,35708.0,56260.0,18514.0,,
44110.0,7159.0,14248.0,23236.0,36519.0,7152.0,23539.0,16920.0,,
,,,,,,,,,
51140.0,18286.0,38272.0,10776.0,46230.0,37735.0,,,,
15618.0,33742.0,56228.0,32071.0,7903.0,54.0,17564.0,,,
59692.0,34461.0,43278.0,42586.0,10065.0,51195.0,45108.0,,,
5032.0,5257.0,39804.0,28355.0,2017.0,59042.0,,,,
58330.0,18626.0,4566.0,49470.0,34611.0,,,,,
48108.0,57834.0,7310.0,58820.0,47302.0,12507.0,,,,
13.0,29397.0,4702.0,4697.0,4726.0,4722.0,55549.0,29396.0,,
51.0,33210.0,,,,,,,,
16907.0,40874.0,13024.0,20371.0,32548.0,21104.0,26653.0,,,
3993.0,742.0,31803.0,12526.0,,,,,,
,,,,,,,,,
6171.0,25355.0,4852.0,705.0,37562.0,,,,,
58230.0,38752.0,15241.0,33656.0,32982.0,,,,,
34758.0,47206.0,2045.0,23665.0,,,,,,
53361.0,28907.0,3196.0,30063.0,30935.0,11542.0,,,,
53411.0,26592.0,16821.0,53384.0,2624.0,14169.0,42773.0,13541.0,,
39804.0,26465.0,26413.0,45032.0,41754.0,52431.0,33200.0,8778.0,,
23899.0,17839.0,33441.0,15301.0,,,,,,
58534.0,18231.0,38969.0,20729.0,13508.0,43386.0,17320.0,29570.0,2976.0,
51833.0,38502.0,37070.0,4013.0,39284.0,6800.0,48974.0,,,
34894.0,38952.0,53462.0,27003.0,31614.0,21070.0,49407.0,42394.0,,
7853.0,42017.0,5324.0,,,,,,,
15561.0,7622.0,,,,,,,,
5823.0,25850.0,3673.0,42482.0,51034.0,41158.0,28735.0,52123.0,4482.0,
41773.0,29468.0,5657.0,47319.0,40436.0,992.0,42083.0,13710.0,,
52564.0,3977.0,4531.0,,,,,,,
48612.0,53356.0,30665.0,264.0,28000.0,32455.0,17558.0,59487.0,,
,,,,,,,,,
26607.0,53433.0,5726.0,43521.0,57624.0,,,,,
48199.0,17284.0,48911.0,29803.0,8822.0,30485.0,,,,
3710.0,19707.0,18992.0,21977.0,17470.0,,,,,
3175.0,22840.0,19418.0,24744.0,51117.0,26929.0,32793.0,30493.0,,
41195.0,18261.0,,,,,,,,
5916.0,6636.0,,,,,,,,
32647.0,30349.0,19898.0,51407.0,39492.0,,,,,
2709.0,27479.0,30745.0,9699.0,57523.0,25589.0,10625.0,,,
11507.0,48949.0,58859.0,37938.0,12810.0,13747.0,20972.0,57278.0,22860.0,
39268.0,44508.0,20571.0,48944.0,36177.0,3901.0,,,,
13600.0,59488.0,49608.0,52083.0,12387.0,,,,,
16693.0,58916.0,5742.0,18549.0,39971.0,,,,,
23891.0,29690.0,43807.0,19262.0,47859.0,40895.0,,,,
48267.0,27638.0,,,,,,,,
8608.0,27499.0,26442.0,46499.0,52493.0,14797.0,41443.0,13435.0,,
55176.0,42252.0,31411.0,45406.0,,,,,,
55619.0,42094.0,,,,,,,,
50692.0,9724.0,39176.0,52962.0,32544.0,,,,,
6345.0,13956.0,17013.0,22548.0,57789.0,25432.0,6949.0,,,
28207.0,5630.0,25299.0,13676.0,,,,,,
22278.0,45989.0,55232.0,44959.0,27156.0,17988.0,,,,
8882.0,45989.0,8054.0,20798.0,32942.0,39708.0,,,,
46145.0,710.0,17817.0,55425.0,53852.0,42812.0,8166.0,16591.0,,
47365.0,,,,,,,,,
35308.0,13011.0,30736.0,57523.0,26700.0,5366.0,23484.0,43291.0,,
41788.0,38923.0,37942.0,31943.0,34108.0,56457.0,19213.0,28428.0,,
57523.0,278.0,49886.0,54021.0,35287.0,19262.0,8322.0,56001.0,3933.0,
48752.0,48664.0,44210.0,58597.0,31873.0,13290.0,31638.0,25677.0,,
13.0,29397.0,4702.0,4697.0,4726.0,4722.0,55549.0,29396.0,,
27531.0,32269.0,55990.0,3110.0,50549.0,,,,,
5069.0,15494.0,11210.0,44399.0,2389.0,,,,,
21989.0,10143.0,38230.0,46864.0,13887.0,28614.0,58326.0,,,
56191.0,59464.0,41330.0,25295.0,,,,,,
34012.0,6901.0,5944.0,46219.0,8026.0,49632.0,31493.0,,,
4500.0,16511.0,7766.0,,,,,,,
278.0,18008.0,51771.0,50579.0,22141.0,18565.0,2133.0,,,
598.0,50781.0,,,,,,,,
18854.0,28618.0,20412.0,13582.0,52509.0,46679.0,,,,
,,,,,,,,,
19148.0,20878.0,44755.0,43793.0,32125.0,52388.0,12751.0,,,
29517.0,3777.0,10287.0,10892.0,51816.0,42370.0,21008.0,33889.0,,
33412.0,58749.0,33023.0,19096.0,17851.0,56795.0,56002.0,27444.0,15465.0,
53730.0,13104.0,9991.0,,,,,,,
1789.0,57966.0,45346.0,27543.0,13948.0,,,,,
58858.0,16153.0,34629.0,49752.0,33455.0,21356.0,,,,
6816.0,18993.0,23865.0,58954.0,13110.0,23103.0,,,,
28546.0,59.0,21361.0,36088.0,,,,,,
33872.0,12322.0,43633.0,36445.0,8811.0,12650.0,,,,
6548.0,15295.0,32007.0,47242.0,43407.0,58527.0,39048.0,,,
33428.0,41436.0,,,,,,,,
10214.0,30185.0,10466.0,31191.0,30045.0,42331.0,,,,
42509.0,34328.0,31373.0,,,,,,,
21474.0,12264.0,18586.0,47872.0,28444.0,8867.0,55277.0,5584.0,,
34554.0,51194.0,4125.0,33816.0,18434.0,10572.0,,,,
30299.0,53750.0,10642.0,45283.0,2236.0,53591.0,,,,
36371.0,,,,,,,,,
2976.0,26482.0,8366.0,45671.0,22742.0,40256.0,43475.0,57842.0,43001.0,
20043.0,20670.0,52074.0,36997.0,,,,,,
19510.0,19203.0,18611.0,,,,,,,
25981.0,33793.0,29991.0,46728.0,51499.0,30340.0,9781.0,,,
27435.0,38995.0,37261.0,1721.0,9992.0,53949.0,30025.0,59251.0,,
49858.0,40685.0,22554.0,27672.0,30747.0,7160.0,2953.0,,,
16846.0,21807.0,14060.0,19509.0,20041.0,12634.0,4023.0,52792.0,,
20057.0,21806.0,17320.0,25388.0,16064.0,46346.0,17363.0,,,
48451.0,22536.0,26963.0,37676.0,12907.0,55990.0,,,,
,,,,,,,,,
55329.0,52623.0,30219.0,23376.0,52463.0,,,,,
57206.0,11840.0,45823.0,2695.0,30540.0,44137.0,11343.0,,,
16734.0,56892.0,22092.0,59487.0,9888.0,27476.0,8562.0,,,
25524.0,45812.0,29353.0,33349.0,,,,,,
18569.0,13268.0,50902.0,56360.0,1779.0,22951.0,19954.0,24906.0,19262.0,
33276.0,11971.0,47764.0,2834.0,8212.0,43718.0,,,,
17181.0,26257.0,51417.0,10451.0,14001.0,16846.0,6072.0,52787.0,,
39364.0,21597.0,18511.0,,,,,,,
11132.0,19723.0,36031.0,52647.0,53475.0,56272.0,10572.0,,,
16022.0,58301.0,4292.0,3457.0,,,,,,
16228.0,34832.0,51466.0,37912.0,42710.0,28187.0,,,,
47521.0,20156.0,,,,,,,,
40488.0,20306.0,8231.0,,,,,,,
38638.0,32614.0,30282.0,6070.0,19584.0,28829.0,49632.0,,,
35654.0,25741.0,6966.0,2742.0,30712.0,49408.0,26321.0,22458.0,,
8031.0,46291.0,13421.0,12769.0,20207.0,58749.0,42108.0,45033.0,1632.0,
40848.0,39737.0,,,,,,,,
39413.0,2562.0,7424.0,59628.0,35038.0,5344.0,,,,
30397.0,6388.0,14306.0,17453.0,43563.0,9950.0,43382.0,46771.0,,
59235.0,56185.0,20598.0,59760.0,39337.0,17557.0,,,,
45544.0,44005.0,36126.0,27819.0,22980.0,57278.0,4934.0,,,
39292.0,15926.0,55222.0,9541.0,56522.0,22701.0,,,,
49018.0,44758.0,152.0,,,,,,,
47056.0,32750.0,48401.0,47182.0,37769.0,57486.0,,,,
34090.0,,,,,,,,,
,,,,,,,,,
27714.0,3483.0,,,,,,,,
278.0,5836.0,37676.0,25024.0,57523.0,41766.0,48370.0,,,
58550.0,10179.0,51625.0,41361.0,52647.0,48180.0,42025.0,,,
31049.0,48917.0,57168.0,43383.0,16170.0,7336.0,42636.0,56744.0,32969.0,42056.0
21060.0,2609.0,,,,,,,,
,,,,,,,,,
52562.0,47173.0,16357.0,18457.0,,,,,,
15155.0,39522.0,13247.0,9956.0,4808.0,53285.0,39192.0,58299.0,,
13.0,29397.0,4702.0,4697.0,4726.0,4722.0,55549.0,29396.0,,
51.0,33210.0,,,,,,,,
,,,,,,,,,
19806.0,35174.0,53477.0,35564.0,27209.0,,,,,
35530.0,11671.0,,,,,,,,
55545.0,,,,,,,,,
30729.0,39124.0,3351.0,7396.0,17357.0,19078.0,37941.0,,,
29527.0,2741.0,2209.0,26310.0,,,,,,
42270.0,46277.0,,,,,,,,
40451.0,4830.0,22126.0,1064.0,56030.0,52233.0,30150.0,35912.0,,
23623.0,30857.0,8126.0,38930.0,1252.0,59792.0,5286.0,15949.0,,
31621.0,39966.0,42212.0,30693.0,58319.0,45293.0,34786.0,,,
51415.0,28038.0,367.0,10174.0,4194.0,49156.0,,,,
27847.0,53935.0,20407.0,13060.0,,,,,,
,,,,,,,,,
48067.0,14195.0,48669.0,37286.0,40686.0,50800.0,6547.0,,,
48003.0,59019.0,30939.0,31349.0,1313.0,44402.0,43765.0,,,
37205.0,2572.0,35746.0,9964.0,17557.0,44137.0,49.0,17861.0,,
5864.0,35161.0,20929.0,31801.0,16910.0,49861.0,20571.0,27743.0,,
23891.0,8463.0,22989.0,5205.0,37271.0,58840.0,50495.0,27820.0,,
41673.0,44754.0,12622.0,7302.0,19833.0,50839.0,2863.0,57903.0,,
